Object,Topsis Score,Rank
M1,0.5639776200503792,4
M2,0.5589043333208068,8
M3,0.7470090959273997,5
M4,0.4917800511070903,2
M5,0.5321519082218812,1
M6,0.6689471203495561,6
M7,0.8214627040470435,3
M8,0.49295409003875373,7
